{"loss_dis": 1.1941900253295898, "_timestamp": 1646328802, "_runtime": 108, "_step": 405, "loss_gen": 0.9530841112136841, "_wandb": {"runtime": 109}}