{"loss_dis": 1.3862884044647217, "_timestamp": 1646324212, "_runtime": 42, "_step": 1, "loss_gen": 0.6896705627441406, "_wandb": {"runtime": 43}}