{"loss_dis": 0.4675920903682709, "_timestamp": 1646420914, "_runtime": 6163, "_step": 10128, "loss_gen": 4.15386962890625, "IS": 5.3985868076168435, "FID": 59.70890834251492}