{"loss_dis": 0.3005000948905945, "_timestamp": 1646772673, "_runtime": 10819, "_step": 15210, "loss_gen": 5.429823875427246, "IS": 6.108687665256113, "FID": 47.27594052194996}