{"loss_dis": 1.3862884044647217, "_timestamp": 1646328199, "_runtime": 261, "_step": 3, "loss_gen": 0.6896705627441406, "IS": [1.0125943503828823, 9.796439863741703e-05], "FID": 478.4803763982059, "_wandb": {"runtime": 262}}