{"loss_dis": 0.9716848731040955, "_timestamp": 1646325436, "_runtime": 101, "_step": 372, "loss_gen": 1.4041448831558228, "_wandb": {"runtime": 102}}