{"loss_dis": 1.3862884044647217, "_timestamp": 1646327038, "_runtime": 255, "_step": 3, "loss_gen": 0.6896705031394958, "IS": [1.0125958462739235, 9.796514269125111e-05], "FID": 478.4804702039949, "_wandb": {"runtime": 256}}