{"loss_dis": 1.3862884044647217, "_timestamp": 1646327891, "_runtime": 260, "_step": 3, "loss_gen": 0.6896705031394958, "IS": [1.0125947546749916, 9.804755623433654e-05], "FID": 478.4803079436372, "_wandb": {"runtime": 260}}