{"loss_dis": 1.053213357925415, "_timestamp": 1646328630, "_runtime": 326, "_step": 389, "loss_gen": 1.1340322494506836, "IS": 1.0125939625632427, "FID": 478.4777942221329, "_wandb": {"runtime": 327}}