{"loss_dis": 1.1130237579345703, "_timestamp": 1646246369, "_runtime": 2057, "_step": 3121, "loss_gen": 1.1295326948165894, "IS": [1.0126255679609657, 9.999655962004819e-05], "FID": 478.57119431161675}