{"loss_dis": 0.9326001405715942, "_timestamp": 1646324890, "_runtime": 595, "_step": 1665, "loss_gen": 0.9454889893531799, "IS": [1.0125943516340628, 9.813448669166874e-05], "FID": 478.48630326130825, "_wandb": {"runtime": 597}}