{"loss_dis": 0.5453258156776428, "_timestamp": 1646333903, "_runtime": 4951, "_step": 18717, "loss_gen": 1.9173617362976074, "IS": 5.08741812031587, "FID": 72.16775528392964}