{"loss_dis": 1.3862884044647217, "_timestamp": 1646327536, "_runtime": 258, "_step": 3, "loss_gen": 0.6896705031394958, "IS": [1.0125950793600296, 9.807151487588177e-05], "FID": 478.474026395294, "_wandb": {"runtime": 259}}