{"loss_dis": 1.3862884044647217, "_timestamp": 1646320862, "_runtime": 60, "_step": 1, "loss_gen": 0.6896705031394958, "_wandb": {"runtime": 57}}